contamination,precision,recall,f1,false_alarms,tp,fp,fn,tn
0.01,0.825,0.0953757225433526,0.17098445595854922,7,33,7,313,3632
0.02,0.6125,0.1416184971098266,0.2300469483568075,31,49,31,297,3608
0.05,0.365,0.21098265895953758,0.2673992673992674,127,73,127,273,3512
