window,k,precision,recall,f1,false_alarms,tp,fp,fn,tn
144,1.5,0.2,0.057803468208092484,0.08968609865470852,80,20,80,326,3606
288,1.25,0.17553191489361702,0.0953757225433526,0.12359550561797752,155,33,155,313,3531
288,0.5,0.09723889555822329,0.23410404624277456,0.13740458015267176,752,81,752,265,2934
