contamination,precision,recall,f1,false_alarms,tp,fp,fn,tn
0.01,0.2222222222222222,0.021052631578947368,0.038461538461538464,7,2,7,93,729
0.03,0.16666666666666666,0.042105263157894736,0.06722689075630252,20,4,20,91,716
0.05,0.12195121951219512,0.05263157894736842,0.07352941176470588,36,5,36,90,700
0.1,0.08433734939759036,0.07368421052631578,0.07865168539325842,76,7,76,88,660
0.2,0.17073170731707318,0.29473684210526313,0.21621621621621623,136,28,136,67,600
