{
  "precision": 0.04819277108433735,
  "recall": 0.027972027972027972,
  "f1": 0.035398230088495575,
  "false_alarms": 79,
  "tp": 4,
  "fp": 79,
  "fn": 139,
  "tn": 1778
}